route,age,gender,occupation,destination,times_per_week,wait_time_min,income,boarding_ease_imp,in_bus_movement_imp,route_convenience_imp,bus_sufficiency_imp,info_access_imp,arrival_punctuality_imp,bus_frequency_imp,safety_in_bus_imp,safety_at_stop_imp,driver_behavior_imp,on_time_arrival_imp,seat_comfort_imp,bus_cleanliness_imp,temperature_comfort_imp,ride_comfort_imp,boarding_ease_sat,in_bus_movement_sat,route_convenience_sat,bus_sufficiency_sat,info_access_sat,arrival_punctuality_sat,bus_frequency_sat,safety_in_bus_sat,safety_at_stop_sat,driver_behavior_sat,on_time_arrival_sat,seat_comfort_sat,bus_cleanliness_sat,temperature_comfort_sat,ride_comfort_sat
4,17,,,Bayan,5,30,< 9_100,5,5,5,5,5,5,5,5,5,5,5,5,4,4,5,5,5,5,5,5,5,5,5,4,5,4,5,5,5,4
4,17,,,Bayan,5,20,< 9_100,5,5,5,5,5,5,5,5,4,5,4,4,5,4,5,5,5,5,5,5,5,5,5,4,5,4,4,5,4,5
4,18,Lalaki,customer service representative,bayan,7,15,18_200-36_400,4,5,5,5,5,5,5,4,5,5,5,5,4,5,5,4,3,5,5,5,5,3,4,5,4,5,5,5,4,5
4,19,Lalaki,Student,QCU Main Campus,5,30,9_100-18_200,5,3,5,5,5,5,3,5,5,5,5,4,5,5,5,4,3,5,5,5,5,4,4,5,5,5,4,4,3,5
4,19,Babae,BPO,Gen Luis,5,30,9_100-18_200,5,5,5,5,3,3,2,4,5,4,5,5,5,5,5,5,5,5,5,5,5,5,5,5,5,5,5,5,5,5
4,19,Babae,N/A,Novaliches_ QCU,2,30,< 9_100,3,4,3,3,5,5,4,4,4,4,5,5,5,4,4,3,4,3,3,5,5,4,4,4,4,5,5,5,4,4
4,19,Lalaki,student,litex,5,30,< 9_100,5,5,5,5,5,5,5,5,5,5,5,5,5,5,5,5,5,5,5,5,5,5,5,5,5,5,5,5,5,5
4,20,Babae,student,nova bayan,2,45,< 9_100,5,5,5,4,5,5,5,5,5,5,5,5,5,4,5,5,5,5,5,5,5,4,5,5,5,5,5,5,5,5
4,20,Babae,student,general luis,6,60,< 9_100,4,4,5,5,5,4,5,5,5,5,4,4,5,5,5,5,5,5,5,5,4,5,5,5,5,5,5,5,5,5
4,20,Babae,,nova bayan,2,30,< 9_100,5,4,5,4,3,4,3,4,4,4,4,3,4,4,4,,,,,,,,,,,,,,,
4,21,Lalaki,n/a,gen luis,3,30,< 9_100,5,5,5,5,5,5,5,5,5,5,5,5,5,5,5,5,5,5,5,5,5,5,5,5,5,5,5,5,5,5
4,21,Lalaki,student,bayan,3,15,< 9_100,5,5,5,5,5,4,4,4,4,4,4,4,4,4,4,5,5,5,4,5,4,5,4,5,5,5,5,5,5,5
4,21,Babae,student,qcu,4,10,< 9_100,5,4,5,4,5,3,5,5,5,5,4,4,5,5,5,5,4,5,4,5,3,5,5,5,5,4,4,5,5,5
4,60,Babae,None,General Luis,1,5,< 9_100,,,,,,,,,,,,,,,,1,1,1,1,1,1,1,1,1,1,1,1,1,1,1
4,61,Babae,,City Hall_ Nova,1,15,< 9_100,5,5,5,5,5,5,4,5,5,5,5,5,5,5,5,5,3,3,5,4,2,4,5,5,5,4,5,5,5,5
4,21,Babae,student,gen luis,3,20,< 9_100,4,5,5,4,4,5,5,5,4,4,4,4,5,4,5,4,5,5,4,4,5,5,5,4,4,4,4,5,4,5
4,64,Babae,None,Bayan,1,30,< 9_100,,,,,,,,,,,,,,,,5,,5,1,5,1,1,5,5,5,1,5,5,5,5
4,21,Lalaki,student,gen luis,3,45,< 9_100,4,3,4,3,2,3,3,4,4,4,2,5,5,3,4,4,3,5,4,4,5,4,5,,5,5,5,5,3,4
4,66,Babae,senior,Nova to City Hall,1,10,< 9_100,5,5,5,,,,,5,5,5,,5,5,5,5,5,5,5,5,5,3,3,5,5,3,5,5,5,5,5
4,67,Babae,housewife,novaliches,1,10,< 9_100,1,5,5,4,4,5,5,5,5,5,5,5,5,5,5,1,5,5,4,4,5,5,5,5,5,5,5,5,5,5
4,22,Babae,bpo,gen luis,5,5,9_100-18_200,5,5,5,4,5,4,4,5,4,4,4,3,3,3,4,5,5,5,4,5,4,4,5,4,4,4,3,5,4,5
4,22,Lalaki,hr,nova,5,10,18_200-36_400,4,3,4,4,5,3,3,5,3,4,5,4,4,4,4,5,4,5,5,5,4,5,5,5,5,5,5,5,5,5
4,72,Babae,senior,novaliches,1,5,< 9_100,5,5,5,5,5,5,5,5,5,5,5,5,5,5,5,1,,5,,1,5,,5,5,5,5,5,5,5,5
4,22,Lalaki,student,gen luis,4,30,9_100-18_200,4,5,5,2,5,1,1,4,4,4,4,5,5,5,5,4,5,5,2,5,2,4,4,4,4,4,5,5,5,5
4,74,Babae,siñor,novaliches,1,5,< 9_100,5,5,5,5,5,,,,,,,,,,,5,5,5,5,5,5,5,5,,,,,,,
4,23,Babae,cashier,gen luis,1,15,< 9_100,,,,,,,,,,,,,,,,5,5,5,4,4,4,5,5,5,5,4,5,5,5,5
4,74,Babae,housewife,novaliches,1,5,< 9_100,,,,,,,,,,,,,,,,1,3,1,3,3,1,3,2,2,2,1,1,1,1,1
4,24,Lalaki,service crew,mindanao ave c5,5,15,9_100-18_200,5,5,5,5,5,5,5,5,5,5,5,5,5,5,5,5,5,5,5,5,5,5,5,5,5,5,5,5,5,5
4,25,Lalaki,student,novaliches,2,15,< 9_100,5,5,5,5,5,5,5,5,5,5,5,5,5,5,5,5,5,5,5,5,5,5,5,5,5,5,5,5,5,5
4,25,Lalaki,,gen luis,1,20,9_100-18_200,5,5,5,5,5,5,5,5,5,5,5,5,5,5,5,5,5,5,5,5,5,5,5,5,5,5,5,5,5,5
4,41,Babae,BPO,Gen Luis,5,20,9_100-18_200,5,5,5,4,5,3,3,5,5,4,,5,5,5,5,5,5,5,4,5,3,3,5,5,4,,5,5,5,5
4,26,Babae,VA,holy cross,5,30,18_200-36_400,5,4,5,3,4,1,3,5,3,4,1,3,4,5,4,5,4,5,3,4,5,5,5,4,5,5,5,5,5,5
4,42,Babae,Housewife,Gen Luis,2,45,< 9_100,1,1,,3,1,1,3,1,1,1,1,1,1,1,1,1,2,,3,1,1,3,1,1,1,1,1,1,1,1
4,27,Lalaki,security guard,gen luis,1,30,9_100-18_200,5,5,5,5,5,5,5,5,5,5,5,5,5,5,5,5,5,5,5,5,5,5,5,5,5,5,5,5,5,5
4,42,Babae,service crew,Forest Hills,6,20,< 9_100,5,5,5,5,5,5,5,5,5,5,5,5,5,5,5,5,5,5,5,5,5,5,,,,,,,,
4,42,Lalaki,factory worker,novaliches,1,10,9_100-18_200,,,,,,,,,,,,,,,,5,4,5,4,5,4,4,4,4,4,4,4,4,4,4
4,28,Lalaki,call center agent,banahaw st,2,15,9_100-18_200,5,5,5,3,5,3,3,5,5,5,4,5,5,5,5,5,5,5,3,5,3,3,5,5,5,4,5,5,5,5
4,29,Lalaki,installer,novaliches,3,15,< 9_100,5,5,5,5,5,5,5,5,5,5,5,5,5,5,5,5,5,5,4,5,5,5,5,5,5,5,5,5,5,5
4,43,Babae,Vendor,Gen Luis,1,20,< 9_100,5,5,5,5,5,5,5,5,5,5,5,5,5,5,5,5,5,5,5,5,5,5,5,5,5,5,5,5,5,5
4,30,Lalaki,cbms,gen luis,5,30,9_100-18_200,,,,,,,,,,,,,,,,5,5,5,5,5,5,3,5,5,5,5,5,5,5,5
4,43,Babae,Teacher,Nova,7,5,9_100-18_200,5,5,5,5,5,5,5,5,5,5,5,5,5,5,5,5,5,5,5,5,5,5,5,5,5,5,5,5,5,5
4,30,Lalaki,installer,novaliches,3,40,9_100-18_200,5,5,5,3,5,5,5,5,5,5,5,5,5,5,5,5,5,5,3,5,4,5,5,5,5,5,5,5,5,5
4,43,Lalaki,Nurse,Novaliches,,10,63_700-109_200,5,5,5,3,3,4,3,3,4,3,3,4,3,4,4,5,5,5,5,5,5,5,5,5,5,5,5,5,5,5
4,30,Lalaki,liaison officer,gen luis,2,30,9_100-18_200,5,5,5,5,5,5,5,5,5,5,5,5,5,5,5,,,,,,,,,,,,,,,
4,45,Babae,Online seler,Bayan,2,15,9_100-18_200,5,5,5,5,5,5,5,5,5,5,5,5,5,5,5,5,5,5,5,5,5,5,5,5,5,5,5,5,5,5
4,30,Lalaki,,gen luis,7,15,,5,5,5,5,3,3,3,5,5,5,1,5,4,1,4,5,5,5,5,3,3,3,5,5,5,1,5,4,1,4
4,45,Babae,cca,novaliches,5,20,18_200-36_400,5,5,4,3,4,3,2,5,4,5,4,5,5,4,5,5,5,4,2,4,3,2,5,4,5,4,5,5,4,5
4,30,Lalaki,call center,nova bayan,5,30,18_200-36_400,5,5,5,5,5,5,4,5,5,5,5,5,5,5,5,,,,,,,,,,,,,,,
4,45,Lalaki,guard,G. Luiz,4,15,< 9_100,1,5,,2,1,1,5,4,3,4,2,4,5,4,5,2,5,3,,1,1,5,4,3,4,2,4,5,4,5
4,31,Lalaki,carpenter,daang tubo,5,15,< 9_100,5,5,5,4,5,5,5,5,5,5,4,5,5,5,5,5,5,5,4,5,5,5,5,5,5,4,5,5,5,5
4,47,Babae,,General Luis,2,10,,1,2,1,2,2,2,2,1,1,1,2,1,1,2,1,1,2,1,2,2,2,2,1,,1,1,1,1,2,1
4,32,Lalaki,bpo (csr),forest hill,5,10,18_200-36_400,5,4,5,1,5,3,2,5,5,5,4,4,5,5,5,5,4,5,1,5,3,2,5,5,5,4,4,5,5,5
4,49,Babae,private employee,gen luis,1,5,9_100-18_200,5,5,5,4,4,4,5,5,5,5,4,5,5,3,4,5,5,5,4,4,4,5,5,5,5,4,5,5,3,4
4,51,Lalaki,driver,sm nova,2,15,< 9_100,5,5,,,,,,,,,,,,,,5,5,,,,,,,,,,,,,
4,32,Lalaki,lotto teller,nova bayan,6,5,< 9_100,5,3,3,2,5,4,5,5,4,5,5,5,5,4,5,5,3,3,2,5,4,5,5,4,5,5,5,5,4,4
4,57,Lalaki,mason,bayan,1,15,,5,5,5,5,5,5,5,5,5,5,5,5,5,5,5,5,5,5,5,5,5,5,5,5,5,5,5,5,5,5
4,33,Babae,bpo/call center,bayan,5,15,18_200-36_400,5,5,5,5,5,5,5,5,5,5,5,5,5,5,5,5,5,5,5,5,5,5,5,5,5,5,5,5,5,5
4,33,Lalaki,installer,nova,6,10,< 9_100,,,4,,,,,,,,,,,,,5,5,5,,5,5,5,5,5,5,5,5,5,5,5
4,35,Lalaki,photographer,nova,4,5,18_200-36_400,3,4,4,3,4,2,3,3,3,3,2,2,2,3,3,3,3,4,3,4,2,3,3,3,3,2,2,2,3,3
4,36,Lalaki,tricycle driver,novaliches,1,5,< 9_100,,,,,,,,,,,,,,,,,,,,,,,,,,,,,,
1,61,Lalaki,govt employee,cubao,5,0,9_100-18_200,5,,5,4,4,4,5,5,5,5,5,5,5,5,5,5,5,5,5,4,5,5,5,5,5,5,5,5,5,5
1,24,Lalaki,food service,cubao,1,30,< 9_100,5,5,5,5,5,5,5,5,5,5,4,5,5,5,5,5,5,5,5,5,5,5,5,5,5,5,5,5,5,5
1,36,Babae,lady guard,qc hall,1,30,,,3,3,4,2,2,,3,2,3,3,2,4,4,4,2,3,3,3,2,,3,,2,3,2,4,2,1,2
1,24,Babae,production operator,qc hall,1,1,< 9_100,5,5,5,3,5,3,5,5,5,5,3,5,5,5,5,5,5,5,5,5,5,5,5,5,5,5,5,5,5,5
1,18,Babae,student,qc hall,1,2,,5,5,4,5,5,5,5,5,5,5,4,5,5,5,5,5,5,5,5,5,5,5,5,5,5,4,5,5,5,5
1,30,Lalaki,bagger,alimall,1,30,< 9_100,3,3,3,3,5,3,3,5,4,3,3,4,5,4,5,3,3,3,3,5,3,3,5,4,3,3,4,5,4,5
1,45,Lalaki,coordinator,cubao,2,10,9_100-18_200,1,1,1,5,3,3,3,3,3,3,3,3,5,4,4,,,,,,,,,,,,,,,
1,19,Lalaki,student,katipunan,5,30,< 9_100,5,3,3,2,2,2,2,4,5,5,2,4,5,4,5,5,4,5,5,5,5,5,5,5,5,5,5,5,5,5
1,52,Lalaki,fere fro,cubao,7,10,9_100-18_200,5,5,5,5,5,5,5,5,5,5,5,5,5,5,5,5,5,5,5,5,5,5,5,5,5,5,5,5,5,5
1,36,Lalaki,rigger,cubao,2,15,9_100-18_200,5,5,5,5,5,5,5,5,5,5,5,5,5,5,5,5,5,5,5,5,5,5,5,5,5,5,5,5,5,5
1,23,Lalaki,student,cubao,5,15,< 9_100,5,5,5,4,4,4,4,5,5,4,4,4,4,4,4,5,5,5,5,5,5,5,5,5,5,5,5,5,5,5
1,22,Babae,student,cubao,7,15,,3,3,3,3,5,3,5,5,5,3,4,5,5,5,5,4,4,4,4,5,4,5,5,5,3,4,5,5,5,5
1,60,Lalaki,thinte,qc,4,,< 9_100,5,5,5,5,5,5,5,5,5,5,4,4,4,4,5,5,5,5,5,5,5,5,5,5,5,4,4,4,4,5
1,59,Lalaki,govt employee,silangan,4,15,,5,,4,4,4,,,5,4,5,,,3,5,5,5,5,5,5,5,5,5,5,5,5,5,5,5,5,5
1,33,Lalaki,security guard,cubao,1,20,9_100-18_200,5,5,5,5,5,5,3,5,5,4,5,5,5,5,5,5,5,5,5,5,5,3,5,5,4,5,5,5,5,5
1,38,Babae,public school teacher,kamias,5,,36_400-63_700,5,5,5,5,5,5,5,5,5,5,5,5,5,5,5,,,,,,,,,,,,,,,
1,35,Babae,coordinator,cubao,4,,18_200-36_400,5,5,5,4,5,5,5,5,5,5,4,5,5,5,5,5,5,5,5,5,5,5,5,5,5,5,5,5,5,5
1,20,Babae,call center agent,alimall,5,20,18_200-36_400,5,5,5,5,3,4,5,5,5,5,4,5,5,5,5,5,5,5,5,3,4,5,5,5,5,4,5,5,5,5
1,32,Lalaki,frontliner,cubao,1,10,9_100-18_200,1,3,1,,2,,2,1,5,5,5,5,5,5,5,,,,,,,,,,,,,,,
1,56,Babae,,city hall cubao,3,30,< 9_100,,,,,,,,,,,,,,,,5,,,4,,,,,,,,,,,
1,58,Babae,qc govt employee,15th ave cubao,4,20,36_400-63_700,5,5,5,4,5,5,5,5,5,5,5,5,5,5,5,,,,,,,,,,,,,,,
1,26,Lalaki,student,cubao,4,30,9_100-18_200,4,5,4,4,5,3,,3,,5,4,,5,5,4,5,3,4,3,4,5,,5,5,5,5,,5,5,4
1,37,Lalaki,construction,qc,7,15,< 9_100,,,,,,,,,,,,,,,,,,,,,,,,,,,,,,
1,66,Lalaki,sales agent,cubao,5,5,,5,5,5,5,5,5,5,5,5,5,5,5,5,5,5,,,,,,,,,,,,,,,
1,26,Babae,none,,1,2,,5,5,5,5,5,5,5,5,5,5,5,5,5,5,5,,,,,,,,,,,,,,,
1,52,Lalaki,self-employed,e. rodriguez sr_ tatalon,3,15,,4,4,4,4,5,5,4,5,5,5,5,5,5,5,5,4,5,4,4,5,5,4,5,5,5,5,4,5,4,4
1,24,Lalaki,construction,batawak,,,,5,5,5,5,5,5,5,5,5,5,5,5,5,5,5,,,,,,,,,,,,,,,
1,75,Lalaki,caretaker,masigla,7,15,< 9_100,1,2,3,3,3,3,3,3,3,3,3,3,3,3,3,,,,,,,,,,,,,,,
1,66,Babae,housewife,cubao,2,30,,1,5,5,5,5,5,5,5,5,5,4,5,5,5,5,5,5,5,5,5,5,5,5,5,5,5,5,5,5,5
2,61,Lalaki,dispatcher,litex,5,30,< 9_100,5,5,5,5,5,5,5,5,5,5,5,5,5,5,5,5,5,5,5,5,5,5,5,5,5,5,5,5,5,5
1,44,Babae,,cubao,5,20,9_100-18_200,4,4,4,4,4,4,4,4,4,4,4,4,4,4,4,4,4,4,4,4,4,4,4,4,4,4,4,4,4,4
2,50,Lalaki,cook,quezon city,7,30,9_100-18_200,5,5,3,3,3,1,1,5,5,5,3,5,5,5,5,5,5,3,3,3,1,1,5,5,5,3,5,5,5,5
1,,Babae,govt employee,cubao,5,20,9_100-18_200,4,4,4,4,4,4,4,4,4,4,4,4,4,4,4,4,4,4,4,4,4,4,4,4,4,4,4,4,4,4
2,41,Babae,bpo,st. peter (sandigan),6,30,18_200-36_400,5,5,5,5,5,5,5,5,5,5,5,5,5,5,5,5,5,5,5,5,5,5,5,5,5,5,5,5,5,5
1,37,Lalaki,maintenance supervisor,,1,1,9_100-18_200,5,5,4,5,4,5,5,5,5,5,5,5,5,5,5,,,,,,,,,,,,,,,
2,,Babae,housewife,litex,3,15,,5,5,5,5,3,5,5,5,5,5,5,5,5,5,5,5,5,5,5,3,5,5,5,5,5,5,5,5,5,5
1,29,Babae,guro,cubao,5,15,9_100-18_200,3,4,4,5,5,3,4,4,4,4,4,,4,4,4,5,5,5,5,5,5,5,5,5,5,5,,5,5,5
2,52,Babae,factory worker,cubao,6,,< 9_100,5,4,1,5,1,1,1,1,1,5,2,5,5,5,5,4,4,1,5,1,1,1,1,5,5,5,5,5,5,5
1,34,Lalaki,ofw,alimall cubao,1,30,36_400-63_700,5,5,5,5,5,5,5,5,5,5,5,5,5,5,5,5,5,5,5,5,5,5,5,5,5,5,5,5,5,5
2,53,Babae,self employed,litex,3,30,,5,5,5,5,5,4,3,5,5,5,5,5,5,5,5,5,5,5,5,5,5,5,5,5,5,5,5,5,5,5
1,39,Lalaki,messenger,cubao,2,30,9_100-18_200,4,5,4,5,5,4,4,5,5,5,4,4,4,5,4,5,5,5,5,5,5,5,5,5,5,5,5,5,5,5
2,59,Lalaki,wala,litex,4,20,,4,3,4,3,3,4,4,4,4,4,4,4,4,4,4,5,5,5,5,5,5,5,5,5,5,5,5,5,5,5
1,28,Lalaki,,cubao farmers,1,10,,5,5,5,5,5,5,5,5,5,5,5,5,5,5,5,5,5,5,5,5,5,5,5,5,5,5,5,5,5,5
2,33,Lalaki,call center agent,libis - st. peter,5,30,9_100-18_200,5,5,5,5,5,5,5,5,5,5,5,5,5,5,5,5,5,5,5,5,5,5,5,5,5,5,5,5,5,5
1,22,Lalaki,,cubao_ aurora,4,5,,5,5,4,5,5,4,5,5,5,5,4,5,5,5,5,5,5,4,5,5,4,5,5,5,5,4,5,5,5,5
1,40,Babae,office staff,cubao,1,0,< 9_100,5,5,5,5,5,5,3,5,5,5,5,5,5,5,5,5,5,5,5,5,5,3,5,5,5,5,5,5,5,5
2,33,Lalaki,bpo,libis-litex,5,45,18_200-36_400,5,5,5,5,4,4,5,5,5,5,4,5,5,5,5,5,5,5,5,4,4,5,5,5,5,4,5,5,5,5
1,53,Babae,housewife,kalayaan plaza,3,15,,5,5,4,4,4,5,5,5,5,5,5,5,5,5,5,,,,,,,,,,,,,,,
2,42,Lalaki,janitor,litex,2,30,< 9_100,5,5,5,5,5,5,5,5,5,5,5,5,5,5,5,5,5,5,5,5,5,5,5,5,5,5,5,5,5,5
1,28,Babae,,silangan,6,5,,5,5,5,5,5,5,4,5,5,5,5,5,5,5,5,,,,,,,,,,,,,,,
2,15,Lalaki,student,batasan hs,5,5,,4,4,5,4,4,2,3,5,4,5,5,4,5,3,4,5,5,5,5,5,5,5,5,5,5,5,5,5,5,5
2,36,Babae,reliever janitor,litex,2,30,,5,5,5,5,5,5,5,5,5,5,5,5,5,5,5,5,5,5,5,5,5,5,5,5,5,5,5,5,5,5
1,73,Babae,consultant,,3,5,18_200-36_400,4,4,4,4,4,4,4,4,4,4,4,5,5,5,5,4,4,4,4,4,4,4,4,4,4,4,4,4,4,4
2,40,Babae,janitress,,,30,,1,,,,,,,,,,,,,,,,,,,,,,,,,,,,,
2,45,Lalaki,janitor reliever,,3,20,9_100-18_200,1,1,,,,,,,,,,,,,,,,,,,,,,,,,,,,
2,22,Lalaki,janitor,,,30,,5,5,5,5,5,5,5,5,5,5,5,5,5,5,5,5,5,5,5,5,5,5,5,5,5,5,5,5,5,5
1,61,Babae,,cubao_ aurora,5,15,9_100-18_200,5,5,5,5,5,5,4,5,5,5,5,5,5,5,5,5,5,5,5,5,5,5,5,5,5,5,5,5,5,5
2,18,Lalaki,service crew,litex-qc hall-gilmore,3,30,< 9_100,5,5,5,5,5,5,5,5,5,5,5,5,5,5,5,5,5,5,5,5,5,5,5,5,5,5,5,5,5,5
1,59,Lalaki,,,2,30,,2,2,2,3,4,1,5,5,5,5,5,4,3,4,5,,,,,,,,,,,,,,,
1,66,Babae,,cubao,3,30,,5,5,5,5,2,2,5,5,4,5,4,5,5,5,5,,,,,,,,,,,,,,,
2,25,Lalaki,wala,litex,3,30,9_100-18_200,5,4,5,2,4,3,2,4,5,4,5,4,5,4,5,5,4,5,2,4,3,2,4,5,4,5,4,5,4,5
2,21,Lalaki,service crew,litex,3,30,9_100-18_200,5,5,5,5,5,3,4,5,5,5,3,5,3,5,5,5,5,5,5,5,3,4,5,5,5,3,5,3,5,5
2,,Lalaki,,litex,7,,,5,5,5,5,5,5,5,5,5,5,5,5,5,5,5,5,5,5,5,5,5,5,5,5,5,5,5,5,5,5
1,64,Babae,,cubao,,30,< 9_100,3,3,4,3,2,2,3,4,4,4,4,4,4,4,4,5,5,5,5,5,5,5,5,5,5,5,5,5,5,5
2,,,,LITEX,,,,4,4,4,4,4,4,4,4,4,4,4,4,4,4,4,5,5,5,5,5,5,5,5,5,5,5,5,5,5,5
2,56,Lalaki,retired afp,litex,,30,,5,5,5,4,5,4,4,5,5,5,4,5,4,4,5,5,5,5,4,5,4,4,5,5,5,4,5,4,4,5
1,48,Lalaki,govt employee,cubao,2,30,9_100-18_200,5,5,5,2,5,5,4,5,5,5,5,5,5,5,5,5,5,5,2,5,5,4,5,5,5,5,5,5,5,5
2,21,Babae,student,litex ibp road,7,60,< 9_100,5,5,5,3,4,4,3,5,5,5,3,5,5,4,5,5,5,5,3,4,4,3,5,5,5,3,5,5,4,5
1,25,Lalaki,tambay,cubao,1,20,,4,4,4,4,3,4,2,4,4,4,4,4,4,4,4,4,4,4,4,4,4,4,4,4,4,4,4,4,4,4
2,64,Babae,na (wala),litex,6,,,5,5,5,5,5,5,5,5,5,5,5,5,5,5,5,5,5,5,5,5,5,5,5,5,5,5,5,5,5,5
1,56,Lalaki,maintenance electrician,araneta center cubao,6,,9_100-18_200,5,5,5,3,5,3,3,5,5,5,3,5,5,5,5,,,,,,,,,,,,,,,
2,53,Babae,none,litex,1,15,,3,4,,4,,4,,4,4,4,4,4,5,5,5,,,,,3,,3,4,5,4,5,3,5,5,5
1,22,Lalaki,,cubao,3,15,< 9_100,5,5,5,5,5,5,5,5,5,5,5,5,5,5,5,5,5,5,5,5,5,5,5,5,5,5,5,5,5,5
1,22,Babae,call center agent,cubao,3,15,9_100-18_200,5,5,5,5,5,5,5,5,5,5,5,5,5,5,5,5,5,5,5,2,5,5,5,5,5,5,5,5,5,5
1,52,Lalaki,construction,tandang sora_ qc,3,15,9_100-18_200,1,1,5,5,5,5,5,5,5,5,5,5,5,5,5,5,5,5,5,5,5,5,5,5,5,5,5,5,5,5
1,45,Lalaki,vendor,cubao,4,20,< 9_100,5,5,5,5,3,4,5,5,5,5,5,5,5,5,5,5,5,5,5,3,4,5,5,5,5,5,5,5,5,5
1,24,Lalaki,,anonas,3,5,,4,4,4,4,4,4,4,4,4,4,4,4,4,4,4,5,5,5,5,5,5,5,4,,,,,,,
1,39,Babae,branch head,cubao,2,15,< 9_100,5,4,5,4,4,5,4,,5,5,5,5,5,5,5,4,5,5,4,4,5,4,,5,5,5,5,5,5,5
1,35,Babae,marketing,ali mall,7,5,9_100-18_200,5,5,5,5,5,5,4,5,5,5,4,5,5,5,5,5,5,5,5,5,5,5,5,5,5,5,5,5,5,5
1,33,Babae,branch head,,7,15,< 9_100,5,4,4,4,3,5,4,,4,4,2,5,4,4,,4,4,4,4,3,5,4,4,,,,,,5,4
1,50,Lalaki,,QC HALL,2,10,,5,5,5,5,5,5,5,5,5,5,5,5,5,5,5,5,5,5,5,5,5,5,5,5,5,5,5,5,5,5
1,28,Babae,store manager,cubao,1,30,36_400-63_700,5,5,5,5,5,5,5,5,5,5,1,5,5,5,5,5,5,5,5,5,5,5,5,5,5,5,5,5,5,5
1,68,Babae,,cubao,1,10,,5,2,2,5,5,5,5,1,5,5,5,5,5,5,5,,,,,,,,,,,,,,,
4,19,Lalaki,student,novaliches,3,60,< 9_100,5,5,5,4,4,5,4,5,5,5,5,5,5,5,5,5,5,5,4,5,5,5,5,5,5,5,5,5,5,5
4,54,Babae,gen luis,,3,10,18_200-36_400,5,5,5,5,5,4,5,5,5,5,5,5,5,4,5,5,,5,5,5,4,5,5,5,5,5,5,5,4,5
4,20,Babae,student,quezon city university,4,20,< 9_100,5,5,5,4,5,4,5,5,5,5,4,5,5,4,5,5,5,5,5,5,5,5,5,5,5,5,5,5,5,5
4,45,Lalaki,guard,novaliches,1,60,< 9_100,4,5,4,3,3,4,4,5,5,5,5,4,5,5,5,4,5,4,3,3,4,4,5,5,5,5,4,5,5,5
4,23,Babae,bpo advirser,sb road,5,20,18_200-36_400,5,5,4,3,3,4,5,5,5,5,5,5,4,5,5,5,5,5,4,5,5,5,5,5,5,5,5,5,5,5
4,20,Lalaki,student,gen luis,5,30,< 9_100,5,5,5,5,5,3,3,5,5,5,5,5,4,4,5,4,5,5,5,5,3,2,5,5,5,5,5,5,5,5
4,19,Lalaki,student,QCU Main Campus,5,20,18_200-36_400,5,4,5,5,5,4,4,5,5,4,5,4,4,4,5,5,4,5,5,5,4,4,5,5,4,5,4,4,4,5
4,22,Lalaki,student,QCU Main Campus,3,30,< 9_100,4,4,5,3,5,4,4,5,4,4,2,4,4,3,4,5,5,5,4,5,5,5,5,,5,,4,5,4,5
4,26,Lalaki,bpo,nova bayan,5,45,18_200-36_400,5,5,5,3,5,4,4,5,5,5,4,5,5,5,5,5,5,5,5,5,5,5,5,5,5,5,5,5,5,5
4,27,Babae,advisor ii,sm nova,5,30,18_200-36_400,4,4,5,4,5,4,3,5,5,5,5,5,5,3,4,5,3,5,5,5,5,4,5,5,5,5,3,4,5,4
4,23,Babae,call center agent,,5,40,18_200-36_400,5,5,5,4,4,4,5,5,5,5,4,5,5,4,5,5,5,5,5,5,5,5,5,5,5,5,4,5,5,5
4,20,Lalaki,student,QCU Main Campus,5,60,< 9_100,5,5,4,4,5,3,2,4,4,4,3,4,4,3,5,5,4,4,4,4,4,4,4,5,5,5,4,5,4,4
4,30,Babae,call center,novaliches,2,10,18_200-36_400,5,5,5,5,5,5,5,5,5,5,5,5,5,5,5,5,5,5,5,5,5,5,5,5,5,5,5,5,5,5
4,19,Lalaki,carpenter,qcu,5,60,< 9_100,5,4,4,3,5,4,2,5,4,4,2,3,4,5,5,5,3,4,3,5,5,5,5,3,4,5,3,3,5,5
4,22,Babae,csr,gen luis,5,30,9_100-18_200,5,4,3,4,3,5,5,4,5,4,4,,5,3,4,4,4,5,4,4,5,5,4,5,4,4,5,4,3,4
4,27,Lalaki,call center agent,gen luis,5,10,18_200-36_400,5,5,5,5,2,5,4,5,5,4,5,5,5,5,5,5,4,5,5,3,5,5,5,5,5,5,4,5,3,5
4,48,Babae,tv producer,quirino highway,6,30,18_200-36_400,5,5,5,5,4,4,4,5,5,5,5,5,5,4,5,5,5,5,5,4,4,4,5,5,5,5,5,5,4,5
4,32,Babae,,nagkaisang nayon,1,3,< 9_100,2,4,4,5,5,5,5,3,3,3,5,5,5,5,5,4,5,5,5,5,5,5,4,4,4,5,5,5,5,5
4,27,Lalaki,LG Promo,road 9 (trinoma),5,5,9_100-18_200,5,4,3,4,5,4,5,4,5,4,5,4,5,4,5,5,4,3,4,3,4,5,4,4,4,3,5,5,5,5
4,,,,,,30,,4,3,5,4,2,4,5,4,,4,4,4,4,3,5,5,4,4,4,4,3,5,3,5,5,3,5,5,3,3
4,45,Lalaki,telesales operator,vertis north,4,25,9_100-18_200,5,5,5,5,5,5,5,5,5,5,5,5,5,5,5,5,5,5,5,5,5,5,5,5,5,5,5,5,5,5
4,76,,,nova,1,2,,5,5,4,4,5,5,5,5,5,5,5,5,5,5,5,,,,,,,,,,,,,,,
4,59,Lalaki,messenger,qc,2,15,9_100-18_200,5,5,5,5,5,5,5,5,5,5,5,5,5,5,5,5,5,5,5,5,5,5,5,5,5,5,5,5,5,5
4,41,Lalaki,,,4,30,,5,2,5,4,3,5,4,3,5,5,4,5,5,5,5,5,2,5,4,3,5,4,3,5,5,4,5,5,5,5
4,30,Babae,encoder,nova bayan,5,,9_100-18_200,5,5,4,3,3,3,3,5,4,4,4,5,5,5,5,5,5,4,3,3,3,3,5,4,4,4,5,5,5,5
4,22,Lalaki,student,qcu,5,60,< 9_100,5,4,5,3,4,4,4,5,4,4,4,5,5,3,4,5,5,5,5,5,5,5,5,5,5,5,5,5,5,5
4,39,Babae,govt employee enforcer,gen luis,4,10,9_100-18_200,5,5,5,5,5,5,5,5,5,5,5,5,5,5,5,5,5,5,5,5,5,5,5,5,5,5,5,5,5,5
4,27,Babae,customer service representative,novaliches,5,10,9_100-18_200,5,5,5,5,5,5,5,5,5,5,5,5,5,5,5,5,5,5,5,5,5,5,5,5,5,5,5,5,5,5
4,30,Lalaki,,,4,30,18_200-36_400,4,3,3,3,4,4,5,4,4,5,5,4,4,4,5,5,4,5,5,5,5,5,5,5,5,5,5,5,5,5
4,50,Lalaki,,holy cross,1,15,< 9_100,1,5,5,4,5,5,5,5,5,5,5,5,5,5,5,,,,,,,,,,,,,,,
4,41,Babae,csr,gen luis,5,20,9_100-18_200,5,5,5,4,5,3,3,5,5,5,4,5,5,5,5,5,5,5,5,5,5,5,5,5,5,5,5,5,5,5
4,18,Lalaki,student,qcu,7,10,,5,5,5,5,5,5,5,5,5,5,5,5,5,5,5,5,5,5,5,5,5,5,5,5,5,5,5,5,5,5
4,20,Lalaki,,sm nova,3,20,9_100-18_200,5,5,5,5,5,5,5,5,5,5,5,5,5,5,5,,,,,,,,,,,,,,,
4,63,Babae,,general luis,3,60,< 9_100,5,5,5,5,5,5,5,5,5,5,5,5,5,5,5,5,5,5,5,5,5,5,5,5,5,5,5,5,5,5
4,56,Babae,,general luis,1,60,,1,2,3,4,1,2,2,1,4,3,1,4,5,4,4,,,,,,,,,,,,,,,
4,51,Lalaki,self-employed,novaliches,5,3,9_100-18_200,5,5,5,4,4,5,3,5,4,4,4,5,5,5,5,5,5,5,4,4,5,3,5,4,4,4,5,5,5,5
4,21,Lalaki,,,3,20,,5,5,5,5,5,5,5,5,5,5,5,5,4,4,4,5,5,5,5,5,5,5,5,5,5,5,5,4,4,4
4,21,Babae,student,qcu,4,30,< 9_100,3,5,5,2,4,4,5,4,5,4,5,5,4,3,4,4,5,5,5,4,5,5,4,5,4,5,5,4,4,5
4,21,Lalaki,,,3,30,,5,4,5,4,5,4,5,5,5,5,4,3,4,5,5,5,5,5,4,5,4,5,5,5,5,3,3,4,4,5
4,21,Babae,student,gen luis,4,30,< 9_100,3,4,5,2,2,3,4,4,4,4,3,3,4,3,4,5,4,5,5,5,5,4,5,5,5,4,4,5,4,4
4,20,Babae,student,nova bayan,3,30,< 9_100,5,5,5,5,5,5,5,5,4,5,5,5,5,5,5,5,5,5,5,5,5,5,5,5,5,5,5,5,5,5
4,30,Lalaki,bpo,bridgetown,5,30,18_200-36_400,5,4,3,3,4,3,4,5,5,5,4,4,5,5,5,5,4,3,4,3,3,5,5,5,4,4,5,5,5,5
4,31,Lalaki,production,novaliches,6,3,,4,,5,3,4,4,,3,4,5,5,3,2,4,3,,,,,,,,,,,,,,,
2,52,Babae,None,Litex,1,15,,3,4,4,4,3,4,4,4,4,4,4,4,5,5,5,,,,,3,,3,4,5,4,5,3,5,5,5
4,44,Babae,housewife,gen luis,,,,4,3,3,4,3,4,4,4,5,4,3,4,5,3,4,5,5,5,5,5,5,5,5,5,5,5,5,5,5,5
2,22,Lalaki,Student,City Hall-Litex IBP Road_ General Luis,3,30,< 9_100,4,4,5,3,5,3,4,5,5,4,3,5,5,5,5,4,5,5,5,5,3,4,5,5,4,5,5,5,5,5
4,17,Babae,student,gen luis,1,15,,4,3,3,4,4,3,5,4,5,4,4,5,5,5,5,5,4,5,5,5,5,5,5,5,5,5,5,5,5,5
2,27,Babae,service crew,litex,7,30,< 9_100,5,5,5,5,5,5,5,5,5,5,5,5,5,5,5,5,5,5,5,5,5,5,5,5,5,5,5,5,5,5
2,40,Babae,online own restaurant,,1,30,< 9_100,5,5,5,5,5,5,5,5,5,5,5,5,4,5,5,5,5,5,5,5,5,5,5,5,5,5,5,4,5,5
4,42,Babae,online seller,,4,20,18_200-36_400,5,5,5,5,5,5,5,5,5,5,5,5,5,5,5,5,5,5,5,5,5,5,5,5,5,5,5,5,5,5
2,52,Babae,n/a,litex,3,30,< 9_100,5,5,5,5,5,4,4,5,5,5,5,5,5,5,5,5,5,5,5,5,4,4,4,5,5,5,5,5,5,5
2,47,Lalaki,housekeeping,litex,6,45,< 9_100,5,5,5,5,5,5,5,5,5,5,5,5,5,5,5,5,5,5,5,5,5,5,5,5,5,5,5,5,5,5
4,38,Babae,,nova bayan,3,,,5,5,5,5,5,5,5,5,5,5,5,5,5,5,5,5,5,5,5,5,5,5,5,5,5,5,5,5,5,5
2,32,Babae,enforcer,batasan,6,30,9_100-18_200,5,5,5,5,5,5,5,5,5,5,5,5,5,5,5,5,5,5,5,5,5,5,5,5,5,5,5,5,5,5
4,19,Lalaki,production,capri,2,10,< 9_100,5,5,4,4,5,4,5,5,5,4,4,4,5,4,4,5,4,5,5,5,4,3,4,5,5,4,5,4,5,4
4,19,Babae,govt employee,nova bayan,7,15,9_100-18_200,5,5,5,5,5,5,5,5,5,5,5,5,5,5,5,5,5,5,5,5,5,5,5,5,5,5,5,5,5,5
4,42,Babae,grocery clerk,bayan,1,30,< 9_100,5,5,5,5,5,5,5,5,5,5,5,5,5,5,5,5,5,5,5,5,5,5,5,5,5,5,5,5,5,5
4,49,Babae,,bayan,1,30,< 9_100,5,5,5,3,1,3,5,5,5,5,3,5,5,5,5,,,,,,,,,,,,,,,
2,22,Lalaki,Wala,Batasan National High School,5,30,< 9_100,5,5,5,3,3,4,5,4,4,4,3,5,5,5,5,5,5,5,4,5,5,5,5,5,5,5,5,5,5,5
4,23,Lalaki,,san bartolome,5,30,,5,5,5,4,5,4,3,5,5,5,4,5,5,5,5,5,5,5,5,5,5,5,5,5,5,5,5,5,5,5
4,50,Lalaki,aircon tech,novaliches,2,,9_100-18_200,5,5,5,3,4,4,5,5,5,5,4,5,5,5,5,5,5,5,5,5,5,5,5,5,5,5,5,5,5,5
2,23,Lalaki,office staff,litex,1,30,< 9_100,5,4,5,4,,2,4,3,3,4,,4,3,3,4,4,4,4,3,,,3,2,3,3,4,3,4,3,4
4,17,Babae,student,school,1,30,,2,4,3,2,2,2,4,,4,3,2,4,5,4,4,3,5,3,,,3,4,,4,4,4,4,5,4,4
2,17,Babae,Student,batasan,4,60,< 9_100,5,4,5,4,5,4,5,5,5,5,2,5,5,5,5,5,5,5,5,5,5,5,5,5,5,5,4,5,5,5
4,33,Lalaki,seafarer,nova,,,109_200-182_000,5,5,4,5,5,4,5,5,5,5,5,5,5,4,5,5,5,5,5,5,5,5,5,5,5,5,5,5,5,5
2,53,Lalaki,merchandise,litex,3,30,< 9_100,4,4,5,3,4,5,3,5,5,5,4,5,5,5,5,5,5,5,3,4,5,3,5,5,5,4,5,5,5,5
4,23,Lalaki,bpo,gen luis,3,20,< 9_100,5,3,5,3,2,3,2,5,4,5,2,3,3,3,4,5,5,5,5,5,5,5,5,5,5,5,5,5,5,5
2,28,Babae,enumerator,litex,5,30,9_100-18_200,5,5,5,3,3,4,3,5,5,4,5,5,5,5,5,5,5,5,4,5,4,4,1,1,1,1,1,1,1,1
4,41,Lalaki,machine operator,gen luis_ novaliches,2,,< 9_100,1,3,3,2,3,3,4,2,2,2,2,2,3,2,5,1,2,2,3,3,3,3,3,3,5,5,5,3,3,3
4,23,Lalaki,bpo,novaliches,5,60,18_200-36_400,5,5,5,3,5,3,5,5,5,5,3,5,5,5,5,5,5,5,5,5,5,5,5,5,5,5,5,5,5,5
2,60,Babae,None,Litex,1,30,,3,3,4,5,5,5,5,4,5,4,5,4,4,4,5,3,4,4,4,4,4,4,4,4,4,4,4,4,4,4
5,27,Babae,sales clerk,quirino highway,2,10,9_100-18_200,5,5,5,5,5,5,5,5,5,5,5,5,5,5,5,5,5,5,5,5,5,5,5,5,5,5,5,5,5,5
2,32,Lalaki,project manager,Litex,2,30,,5,5,5,5,5,5,5,5,5,5,5,5,5,5,5,5,5,5,5,5,5,5,5,5,5,5,5,5,5,5
5,53,Lalaki,utility/messenger,quirino / mindanao ave.,4,30,< 9_100,5,5,5,5,5,3,3,5,5,5,4,5,5,5,5,5,5,5,5,5,5,5,5,5,5,5,5,5,5,5
2,,Babae,employee,litex,,45,< 9_100,5,5,5,5,5,5,5,5,5,5,5,5,5,5,5,4,5,4,5,3,5,3,4,5,3,1,3,4,5,5
5,27,Babae,govt employee,mindanao ave,6,15,18_200-36_400,4,3,5,3,4,3,4,4,4,4,4,4,4,4,5,5,5,5,5,5,5,5,5,5,5,5,5,5,5,5
2,23,Babae,BPO CSR,BHNHS,5,20,18_200-36_400,5,5,5,5,5,5,3,5,5,5,5,5,5,5,5,5,5,5,5,5,5,3,5,5,5,5,5,5,5,5
5,30,Babae,office staff,st james,1,20,18_200-36_400,5,5,5,5,5,3,4,5,5,5,3,5,5,5,5,5,5,5,5,5,5,5,5,5,5,5,5,5,5,5
5,42,Lalaki,engr assistant,st james,5,30,9_100-18_200,5,3,5,,5,4,4,5,5,5,4,4,5,5,5,5,5,5,5,5,5,5,5,5,5,5,5,5,5,5
2,18,Lalaki,call center agent,litex,5,60,9_100-18_200,3,4,4,3,2,3,1,4,4,4,3,5,4,4,5,4,5,5,,4,5,5,5,4,4,5,5,5,4,5
5,55,Lalaki,merchandiser,mindanao ave,6,30,< 9_100,5,5,5,4,5,5,5,5,5,5,4,5,5,5,5,5,5,5,5,5,5,5,5,5,5,5,5,5,5,5
2,19,Babae,studente,Batasan QC,5,45,< 9_100,5,3,5,3,3,3,4,4,4,3,5,5,5,5,5,5,3,5,5,5,5,5,5,5,5,5,5,5,5,5
5,37,Babae,housekeeping,mindanao ave,5,30,< 9_100,5,,3,3,4,3,3,5,3,3,3,5,5,5,5,2,3,5,5,5,5,5,5,5,5,5,5,5,5,5
2,24,Others,N/A,litex,2,10,,5,5,5,4,4,4,4,5,5,5,4,5,5,5,5,5,5,5,5,5,5,5,5,5,5,5,5,5,5,5
5,21,Babae,Student,mindanao ave,5,15,< 9_100,5,5,5,3,4,4,5,5,5,5,5,5,5,5,5,4,5,5,5,4,5,5,5,5,5,5,4,5,5,5
1,21,Babae,CSR,litex,5,20,18_200-36_400,4,4,1,3,3,1,3,4,4,3,4,4,3,3,5,4,4,1,4,3,4,5,4,4,5,4,5,5,4,5
5,16,Others,student,c5,1,5,,5,3,4,2,5,2,2,3,4,2,3,3,4,2,4,4,3,3,4,3,5,5,4,3,3,5,3,4,4,4
2,70,Babae,massage,litex,7,30,< 9_100,5,5,5,5,5,5,5,5,5,5,5,5,5,5,5,5,5,5,5,5,5,5,5,5,5,5,5,5,5,5
5,17,Lalaki,student,sangandaan,1,30,,4,3,3,5,2,4,5,2,4,3,4,4,3,5,4,3,5,5,5,5,5,5,5,5,5,5,5,5,5,5
2,34,Babae,housekeeping,litex,1,10,36_400-63_700,5,4,5,4,5,4,5,5,5,4,4,4,5,5,5,5,4,5,4,5,4,5,5,5,4,4,4,5,5,5
2,27,Lalaki,service crew,batasan,7,60,< 9_100,5,5,5,5,5,5,5,5,5,5,5,5,5,5,5,5,5,5,5,5,5,5,5,5,5,5,5,5,5,5
5,18,Others,student,c5,1,20,,5,3,4,3,5,4,5,5,5,5,4,4,5,5,4,5,5,5,3,5,4,5,5,5,5,5,5,5,5,4
2,43,Babae,call center agent,litex,5,30,9_100-18_200,5,5,5,5,5,5,5,5,5,5,5,5,5,5,5,5,5,5,5,5,5,5,5,5,5,5,5,5,5,5
2,41,Lalaki,construction worker,QC,1,2,< 9_100,5,1,,,,,5,,4,4,,,5,5,5,5,5,5,5,5,3,3,,,5,,,5,5,5
2,39,Babae,Eyelash tech,litex,1,10,9_100-18_200,5,5,5,5,5,5,5,5,5,5,5,5,5,5,5,5,5,5,5,5,5,5,5,5,5,5,5,5,5,5
2,23,Lalaki,security guard,litex,4,30,18_200-36_400,4,4,5,3,5,3,4,5,4,4,4,5,4,4,4,4,4,5,3,5,3,4,5,4,4,5,5,5,5,5
5,18,Others,student,c5,2,5,,5,3,4,3,5,3,2,5,3,2,4,5,5,4,5,3,2,3,2,5,3,2,4,3,3,4,5,4,4,5
2,3,Babae,sales staff,litex,,5,9_100-18_200,5,5,5,5,5,5,5,5,5,5,5,5,5,5,5,5,5,5,5,5,5,5,5,5,5,5,5,5,5,5
2,46,Lalaki,,litex,1,12,< 9_100,5,5,5,5,5,5,5,5,5,5,5,5,5,5,5,5,5,5,5,5,5,5,5,5,5,5,5,5,5,5
5,34,Babae,house keeping,st james,6,60,< 9_100,5,5,5,5,4,4,5,5,5,5,5,5,5,4,5,5,5,5,5,5,5,5,5,5,5,5,5,5,5,5
2,24,Lalaki,CC,litex,5,20,9_100-18_200,5,5,5,5,5,5,4,5,5,5,5,5,5,5,5,5,5,5,5,5,5,5,5,5,5,5,5,5,5,5
2,24,Babae,CC,litex,5,15,9_100-18_200,5,5,5,5,5,5,5,5,5,5,5,5,5,5,5,5,5,5,5,5,5,5,5,5,5,5,5,5,5,5
5,19,Others,student,c5,4,15,,3,4,2,3,2,3,4,5,4,4,3,3,4,4,4,3,5,5,5,3,3,5,5,5,5,5,5,5,5,4
2,67,Babae,social services development department,litex,5,15,,5,5,5,5,5,5,5,5,5,5,5,5,5,5,5,5,5,5,5,5,5,5,5,5,5,5,5,5,5,5
2,71,,,,,,,5,5,5,5,5,5,5,5,5,5,5,5,5,5,5,5,5,5,5,5,5,5,5,5,5,5,5,5,5,5
2,21,Lalaki,bpo company agent,litex,5,20,18_200-36_400,4,4,5,4,4,5,4,5,5,4,4,4,5,5,5,4,5,5,4,4,4,4,5,5,4,4,5,5,4,5
2,61,Babae,wala,batasan,4,15,,5,5,5,5,5,5,5,5,5,5,5,5,5,5,5,5,5,5,5,5,5,5,5,5,5,5,5,5,5,5
5,66,Lalaki,retired,st james,4,20,< 9_100,3,5,5,3,,3,5,4,5,5,4,5,5,4,5,5,5,5,5,5,5,5,5,5,5,5,5,5,5,5
2,40,Lalaki,utility,filinvest,6,30,< 9_100,5,5,5,5,5,5,5,5,5,5,5,5,5,5,5,5,5,5,5,5,5,5,5,5,5,5,5,5,5,5
5,27,Lalaki,wala,quirino highway,1,15,,5,5,5,5,5,5,5,5,5,5,5,5,5,5,5,5,5,5,5,5,5,5,5,5,5,5,5,5,5,5
2,36,Lalaki,contraction,litex,1,5,9_100-18_200,5,5,5,5,5,5,5,5,5,5,5,5,5,5,5,5,5,5,5,5,5,5,5,5,5,5,5,5,5,5
5,17,Babae,student,c5,5,10,,5,5,4,5,5,4,4,5,4,5,5,5,5,5,5,5,5,5,5,5,5,5,5,5,5,5,5,5,5,5
5,33,Lalaki,messenger,mindanao ave c5,6,20,9_100-18_200,5,5,5,5,5,4,5,5,5,5,5,5,5,5,5,5,5,5,5,5,5,5,5,5,5,5,5,5,5,5
5,23,Babae,wala,quirino highway,1,15,,5,5,5,4,5,4,4,4,5,5,4,5,5,5,5,5,5,5,4,5,4,4,4,5,5,4,5,5,5,5
5,59,Lalaki,,circle c congressional ave,3,20,,3,4,4,4,4,3,4,5,5,4,3,4,5,4,5,4,4,4,4,4,3,4,5,5,4,3,4,5,4,5
5,47,Lalaki,liaison officer,st james,4,30,9_100-18_200,4,5,5,4,4,5,5,5,4,5,4,5,5,5,5,5,5,5,5,5,5,5,5,5,5,5,5,5,5,5
5,71,Lalaki,retired,c5,1,20,9_100-18_200,3,3,3,3,3,3,3,4,4,4,4,4,4,4,4,,,,,,,,,,,,,,,
5,43,Babae,n/a,c5,3,30,,4,4,4,4,5,4,4,4,4,4,5,5,5,5,5,4,4,4,4,4,5,5,5,5,5,5,5,5,5,5
5,66,Lalaki,retired,,4,20,,5,5,5,4,4,5,4,5,5,5,4,5,5,4,5,5,5,5,5,5,5,5,5,5,5,5,5,5,5,5
5,57,Babae,kasambahay,quirino highway,1,20,< 9_100,5,5,5,5,5,4,4,5,5,5,5,5,5,5,5,5,4,5,4,5,3,5,5,5,4,3,4,3,5,5
5,21,Babae,service clerk,mindanao ave c5,2,30,9_100-18_200,5,4,5,3,3,4,4,5,5,5,5,5,5,5,5,5,4,4,3,4,4,4,5,5,5,5,5,5,5,5
5,22,Babae,DNR,c5,6,,< 9_100,5,5,5,5,5,5,5,5,5,5,5,5,5,5,5,5,5,5,5,5,5,5,5,5,5,5,5,5,5,5
5,58,Babae,n/a,Q.C,1,1,,5,5,5,5,3,4,5,5,5,5,5,5,5,5,5,5,5,5,5,3,4,5,5,5,5,5,5,5,5,5
5,20,Babae,student,central,3,30,> 182_000,5,5,3,4,4,4,4,4,5,5,3,5,5,5,5,5,5,4,4,4,4,4,4,5,5,5,5,5,5,5
5,65,Babae,,C-5,7,20,,5,5,5,5,5,5,5,5,5,5,5,5,5,5,5,5,5,5,5,5,5,5,5,5,5,5,5,5,5,5
5,24,Lalaki,none,c5,2,20,,5,5,5,5,5,5,5,5,5,5,5,5,5,5,5,5,5,5,5,5,5,5,5,5,5,5,5,5,5,5
5,19,Lalaki,student,visayas ave central,2,40,,4,5,2,4,4,4,2,4,5,3,3,5,5,5,5,4,4,5,3,4,5,5,5,5,5,5,5,5,5,5
5,41,Babae,ladykeeper,mindanao ave,1,,< 9_100,4,4,4,3,3,4,3,4,5,5,4,5,5,4,5,4,4,4,4,4,4,4,4,5,5,4,5,5,4,5
5,20,Lalaki,none,mindanao ave,,,,1,2,2,3,1,2,1,3,2,5,5,,2,3,2,2,2,3,3,,2,3,3,,1,3,1,4,5,5
5,49,Lalaki,none,mindanao ave,1,,,5,4,4,3,4,3,3,3,3,3,3,3,3,3,3,4,3,3,3,4,3,3,3,3,3,3,3,3,3,3
5,30,Babae,none,C5,3,20,,5,5,5,5,5,5,5,5,5,5,5,5,5,5,5,5,5,5,5,5,5,5,5,5,5,5,5,5,5,5
5,60,Lalaki,DSGS,mindanao c5,4,5,< 9_100,4,5,4,5,4,5,4,4,4,5,4,5,4,5,4,4,,5,4,5,5,5,4,5,4,4,4,4,4,4
5,37,Babae,call center agent,old sauyo,5,20,< 9_100,5,5,5,4,5,5,5,5,5,5,5,5,5,5,5,5,5,5,5,5,5,5,5,5,5,5,5,5,5,5
5,40,Babae,,mindanao ave,1,10,< 9_100,5,5,5,5,5,5,5,5,5,5,5,5,5,5,5,5,5,5,5,5,5,5,5,5,5,5,5,5,5,5
5,36,Babae,company nurse,quirino,1,1,9_100-18_200,5,5,5,5,5,5,5,5,5,5,5,5,5,5,5,5,5,5,5,5,5,5,5,5,5,5,5,5,5,5
5,76,Babae,wala,c5,2,5,,5,5,5,5,5,5,5,5,5,5,5,5,5,5,5,5,5,5,5,5,5,5,5,5,5,5,5,5,5,5
5,49,Babae,wala,c5,2,5,,5,5,5,5,5,5,5,5,5,5,5,5,5,5,5,5,5,5,5,5,5,5,5,5,5,5,5,5,5,5
5,24,Babae,cashier,sm-cherry,3,30,< 9_100,5,5,5,5,5,3,5,5,5,5,5,5,5,5,5,5,5,5,5,5,3,5,5,5,5,5,5,5,5,5
5,37,Babae,nurse,novaliches c5,4,30,36_400-63_700,4,3,3,3,3,4,3,4,4,4,4,4,4,4,4,4,4,5,4,4,4,5,4,4,4,4,4,4,4,4
5,34,Babae,nurse,D. Munoz st.,4,30,18_200-36_400,5,5,5,4,5,5,4,5,5,5,5,5,5,5,5,5,5,5,5,5,5,5,5,5,5,5,5,5,5,5
6,27,Babae,janitress,gilmore,5,20,,5,5,5,5,4,3,3,5,5,5,5,5,5,5,5,5,5,5,5,5,5,5,5,5,5,5,5,5,5,5
6,55,Lalaki,maintenance engineer,gen luis,5,25,18_200-36_400,5,4,3,3,3,,3,4,4,4,3,4,4,4,4,4,4,4,4,4,4,4,4,4,4,4,4,4,4,4
6,46,Babae,mananahi,gilmore,6,15,9_100-18_200,5,5,4,4,4,5,5,5,5,5,5,5,5,5,5,5,5,5,5,5,5,5,5,5,5,5,5,5,5,5
6,20,Lalaki,tele call center agent,gilmore,5,15,9_100-18_200,5,5,5,2,3,1,5,5,5,5,5,5,5,5,5,3,4,5,,5,5,3,5,4,5,5,5,5,5,5
6,46,Babae,secretary,sct. tobias_ delta,5,30,< 9_100,5,5,5,1,5,5,4,5,5,5,5,5,5,5,5,5,5,5,5,5,5,4,5,5,5,5,5,5,5,5
6,45,Lalaki,maintenance,gilmore,6,15,9_100-18_200,5,5,5,5,5,5,5,5,5,5,5,5,5,5,5,5,5,5,5,5,5,5,5,5,5,5,5,5,5,5
6,26,Babae,admin staff,gilmore,5,10,9_100-18_200,5,5,5,5,5,4,5,5,5,5,5,5,5,5,5,,,,,,,,,,,,,,,
,,,,,7,20,,5,5,5,5,5,5,5,5,5,5,5,5,5,5,5,5,5,5,5,5,5,5,5,5,5,5,5,5,5,5
6,35,Babae,sales specialist,sct. tuazon_ diliman_ QC,7,20,9_100-18_200,5,5,5,5,5,3,4,5,4,5,4,4,5,5,5,5,5,5,5,5,5,5,5,5,5,5,5,5,5,5
5,50,Lalaki,self employed,c5 mindanao ave,1,0,< 9_100,5,5,5,5,4,4,4,5,5,5,5,5,5,5,5,5,5,5,5,5,5,5,5,5,5,5,5,5,5,5
5,42,Babae,ex ofw,c5,1,0,< 9_100,5,5,5,5,5,5,5,5,5,5,5,5,5,5,5,5,5,5,5,5,5,5,5,5,5,5,5,5,5,5
6,,Lalaki,,timog ave,5,60,18_200-36_400,3,3,5,2,4,2,2,4,5,5,3,4,5,4,4,4,4,5,3,5,2,2,5,5,5,3,4,5,4,4
5,21,Lalaki,student,c5,5,5,9_100-18_200,5,5,5,5,5,5,5,5,5,5,5,5,5,5,5,5,5,5,5,5,5,5,5,5,5,5,5,5,5,5
6,60,Babae,employee,gilmore,5,30,63_700-109_200,5,5,5,5,5,4,4,5,5,5,4,4,4,5,5,5,5,5,5,5,4,4,5,5,5,4,4,4,5,5
6,27,Lalaki,security operation,gilmore,3,7,9_100-18_200,5,5,5,4,5,4,5,5,5,5,5,5,5,5,5,5,5,5,4,5,4,5,5,5,5,5,5,5,5,5
5,40,Babae,local government,c5 quirino,3,5,< 9_100,5,5,5,5,5,5,5,5,5,5,5,5,5,5,5,5,5,5,5,5,5,5,5,5,5,5,5,5,5,5
6,51,Lalaki,machine operator,san juan,4,15,9_100-18_200,5,5,5,5,5,5,5,5,5,5,5,5,5,5,5,5,5,5,5,5,5,5,5,5,5,5,5,5,5,5
5,22,Babae,wala,c5,2,20,,5,4,5,4,5,4,3,5,5,5,4,4,5,5,5,5,5,5,5,5,5,5,5,5,5,5,5,5,5,5
6,26,Babae,librarian,gilmore,7,20,18_200-36_400,5,5,5,4,5,4,2,4,3,4,2,5,3,4,4,5,5,5,5,5,5,5,5,5,5,5,5,5,5,5
5,22,Babae,n/a,c5,2,30,,5,4,5,5,5,5,4,5,5,5,5,5,5,5,5,5,5,5,5,5,5,5,5,5,5,5,5,5,5,5
6,64,Babae,teacher,gilmore,4,15,18_200-36_400,3,3,5,4,5,5,2,4,3,5,5,3,4,4,4,5,5,5,5,5,5,5,5,5,5,5,5,5,5,5
5,22,Lalaki,none,mindanao ave,3,10,,4,4,3,4,4,3,4,4,3,3,4,4,5,4,4,4,4,4,3,4,3,4,3,4,3,4,3,4,3,5
5,18,Babae,student,c5,1,5,< 9_100,5,5,4,5,4,4,5,4,5,5,3,5,5,5,5,5,5,5,5,4,5,5,5,5,5,4,5,5,5,5
5,21,Babae,na,circle,3,20,< 9_100,5,5,5,5,5,5,5,5,5,5,5,5,5,4,5,5,5,5,5,5,5,5,5,5,5,5,5,5,5,5
6,29,Babae,messenger,gilmore,5,20,< 9_100,4,5,5,4,5,4,4,5,5,5,5,5,5,5,5,5,5,5,4,5,4,5,5,5,5,5,5,5,5,5
5,29,Others,student,c5,1,30,< 9_100,5,5,5,5,5,5,5,5,5,5,4,5,5,5,5,5,5,5,5,5,5,5,5,5,5,4,5,5,5,5
6,26,Babae,dental assistant,gilmore,5,20,9_100-18_200,4,5,5,4,5,4,5,5,5,5,4,5,5,5,5,5,5,5,4,5,5,5,5,5,5,5,5,5,5,5
5,18,Others,student,c5,1,15,< 9_100,5,4,5,4,3,3,4,5,3,4,4,4,5,4,4,5,5,5,5,5,5,5,5,5,5,5,5,5,5,5
6,55,Babae,accounting staff,gilmore,4,30,9_100-18_200,5,4,4,4,4,4,4,4,4,4,4,4,3,3,4,5,4,4,4,4,4,4,4,4,4,4,4,3,3,3
5,48,Babae,church worker,st. tomas,5,30,9_100-18_200,5,5,5,4,4,3,4,5,5,5,4,5,5,4,5,5,5,5,5,5,5,5,5,5,5,5,5,5,5,5
6,28,Babae,sales agent,sct. tobias_ delta,6,30,9_100-18_200,4,5,5,4,3,2,4,4,4,5,5,5,3,5,5,5,5,5,5,5,5,5,5,5,5,5,5,5,5,5
5,19,,,c5 - mindanao,,,,5,5,5,5,5,5,5,5,5,5,5,5,5,5,5,5,5,5,5,5,5,5,5,5,5,5,5,5,5,5
6,29,Babae,customer service ecommerce,gilmore,5,20,,5,5,5,5,5,5,5,5,4,5,5,5,5,5,5,5,5,5,5,5,5,5,5,4,5,5,5,5,5,5
6,28,Lalaki,production staff,q ave,5,1,,5,5,5,1,5,5,1,5,5,5,5,5,5,5,5,5,5,5,5,5,5,5,5,5,5,5,5,5,5,5
5,18,Babae,student,c5,4,60,,4,3,3,3,3,2,4,3,3,4,3,3,5,4,3,4,3,4,4,5,5,5,5,5,5,5,5,5,5,5
6,23,Babae,system developer,gilmore,5,10,9_100-18_200,5,5,5,5,5,4,5,5,5,5,5,5,5,5,5,5,5,5,5,5,5,5,5,5,5,5,5,5,5,5
5,,Babae,coordinator,circle,7,15,< 9_100,5,5,5,4,5,5,5,5,5,5,5,5,5,5,5,5,5,5,5,5,5,5,5,5,5,5,5,5,5,5
6,33,Lalaki,armored escort,q ave,5,20,9_100-18_200,5,4,5,4,5,5,4,5,5,5,5,5,4,5,5,5,4,2,5,5,4,5,5,5,5,4,5,4,5,4
6,42,Babae,therapist,gilmore,5,15,9_100-18_200,4,4,4,4,4,4,4,4,4,4,4,4,4,4,4,,,,,,,,,,,,,,,
6,21,Lalaki,encoder,gilmore,5,3,< 9_100,5,5,5,5,5,3,3,5,5,5,3,3,3,3,5,5,5,5,5,5,5,3,5,5,5,5,5,5,5,5
6,25,Babae,account associate,gilmore,5,15,9_100-18_200,5,5,5,5,5,5,5,5,5,5,5,5,5,5,5,,,,,,,,,,,,,,,
6,27,Lalaki,office staff,gilmore,5,25,9_100-18_200,5,5,5,5,5,4,3,5,5,5,5,5,5,5,5,5,5,5,5,5,5,5,5,5,5,5,5,5,5,5
6,20,Lalaki,labor,gilmore,6,30,< 9_100,5,5,5,4,5,4,5,5,5,5,4,5,5,5,5,5,4,5,4,5,4,5,5,5,5,4,5,5,5,5
6,30,Lalaki,painter,e rod,6,30,9_100-18_200,4,5,,3,3,4,4,4,5,5,3,5,5,5,5,5,5,5,5,5,5,5,5,5,5,5,5,5,5,5
6,22,Babae,telesales agent,e rod,5,15,< 9_100,5,5,5,5,5,5,4,5,5,5,5,5,5,5,5,5,5,5,5,5,5,5,5,5,5,5,5,5,5,5
6,23,Babae,call center,gilmore,3,15,9_100-18_200,5,5,5,4,4,5,5,5,5,5,5,5,5,5,5,5,5,5,4,4,5,5,5,5,5,5,5,5,5,5
8,21,Babae,student,sm north,6,10,< 9_100,4,4,4,3,5,4,5,5,4,5,4,5,5,5,5,4,4,4,3,5,,,,,,,,,,
6,26,Babae,clinical research assistant,christ the king bus stop,5,20,9_100-18_200,4,4,4,3,4,4,4,4,4,4,4,3,3,4,4,4,4,4,4,5,5,4,4,4,4,5,4,4,4,4
6,51,Lalaki,construction,gilmore,6,30,9_100-18_200,5,5,5,5,5,5,5,5,5,5,5,5,5,5,5,5,5,5,5,5,5,5,5,5,5,5,5,5,5,5
8,22,Lalaki,undergraduate,sm north,6,15,,5,5,5,4,5,4,5,5,5,5,4,5,5,5,5,5,5,5,5,5,5,5,5,5,5,5,5,5,5,5
6,23,Lalaki,TSR,q ave,5,20,9_100-18_200,4,3,4,3,3,3,3,4,4,3,3,4,4,4,4,4,4,4,5,5,5,5,5,5,5,5,4,4,4,4
8,34,Lalaki,machine operator,quezon city,1,10,,5,5,5,5,5,3,3,3,5,5,5,5,5,5,5,5,5,5,5,5,5,5,5,5,5,5,5,5,5,5
6,34,Babae,construction,gilmore,6,30,18_200-36_400,5,5,5,4,5,4,2,5,5,5,4,5,5,5,5,,,,,,,,,,,,,,,
8,25,Babae,student,sm north,5,10,< 9_100,3,3,3,2,3,2,3,5,5,5,5,4,4,3,3,4,3,3,3,3,3,3,3,4,3,4,3,3,3,3
6,27,Lalaki,,araneta ave,5,15,36_400-63_700,5,4,5,5,5,4,4,5,4,5,5,4,4,5,5,5,4,5,5,5,5,5,5,5,5,5,5,5,5,5
8,22,Babae,student,sm north,,10,< 9_100,4,3,3,3,4,3,4,4,4,3,4,3,3,3,3,4,4,3,3,4,3,3,3,4,3,4,3,3,3,3
6,27,Babae,agent,gilmore,5,10,< 9_100,5,5,5,3,5,5,5,5,5,5,5,5,5,5,5,5,5,5,5,5,5,5,5,5,5,5,5,5,5,5
6,21,Babae,call center agent,gilmore,5,10,9_100-18_200,4,4,5,5,5,5,4,5,5,5,5,5,5,5,5,5,4,5,5,5,5,5,5,5,5,5,5,5,5,5
8,22,Babae,undergraduate,sm north,6,15,< 9_100,5,5,5,4,5,3,5,5,5,5,5,5,5,5,5,5,5,5,5,5,5,5,5,5,5,5,5,5,5,5
8,22,Babae,undergraduate,sm north,6,15,< 9_100,5,5,5,4,5,3,5,5,5,5,5,5,5,5,5,5,5,5,5,5,5,5,5,5,5,5,5,5,5,5
6,23,Babae,account associate,delta,5,30,9_100-18_200,4,4,5,5,4,3,4,4,3,3,4,5,4,4,5,5,5,5,5,5,5,5,5,5,5,5,5,5,5,5
6,23,Babae,marketing assistant,gilmore,5,15,18_200-36_400,4,4,4,3,4,4,5,5,5,5,4,4,5,5,5,4,4,4,4,4,4,5,5,5,5,4,4,5,5,5
8,23,Babae,college student,sm north,6,15,< 9_100,5,3,5,5,5,5,3,5,5,5,3,5,5,5,5,5,5,5,5,5,5,5,5,5,5,5,5,5,5,5
6,38,Babae,,city hall gilmore,5,20,9_100-18_200,5,5,5,5,5,5,4,5,4,5,5,5,4,5,5,5,5,5,5,5,5,5,5,5,5,5,5,5,5,5
8,46,Babae,housewife,sm north,1,10,< 9_100,5,5,5,4,5,5,5,5,5,5,5,5,5,5,5,5,5,5,5,5,5,5,5,5,5,5,5,5,5,5
6,69,Lalaki,consultant,gilmore,5,5,9_100-18_200,5,5,5,5,5,4,5,4,3,4,4,4,3,4,4,,,,,,,,,,,,,,,
8,46,Babae,,munoz,2,30,< 9_100,5,5,5,5,5,5,4,5,5,5,5,5,5,5,5,5,5,5,5,5,4,5,5,5,5,5,5,5,5,5
6,22,Babae,construction,gilmore,5,10,< 9_100,5,4,4,2,5,4,4,5,5,5,5,5,4,3,5,5,5,5,5,5,5,5,5,5,5,5,5,5,5,5
6,24,Babae,sales rep,gilmore,5,60,9_100-18_200,5,5,5,5,5,5,5,5,5,5,5,5,5,5,5,5,5,5,5,5,5,5,5,5,5,5,5,5,5,5
8,24,Lalaki,call center agent,north edsa,1,30,18_200-36_400,5,3,4,4,4,4,4,4,4,4,4,4,4,4,4,4,3,4,4,4,4,4,4,4,4,4,4,4,4,4
6,,Lalaki,,delta,5,5,,5,5,5,5,5,4,4,5,5,5,5,5,5,5,5,5,5,5,5,5,5,5,5,5,5,5,5,5,5,5
6,44,Babae,sales clerk,gilmore,5,15,9_100-18_200,5,5,5,5,5,5,5,5,5,5,5,5,5,5,5,5,5,5,5,5,5,5,5,5,5,5,5,5,5,5
8,44,Babae,wala,munoz,1,15,< 9_100,2,1,2,3,2,2,2,2,2,2,2,2,3,3,3,5,5,5,5,5,4,4,5,5,4,4,5,5,5,5
6,34,Lalaki,pmo,gilmore,5,60,18_200-36_400,5,5,4,4,,3,3,5,5,5,4,4,5,5,5,5,5,5,5,5,5,5,5,5,5,5,5,5,5,5
8,35,Lalaki,promodiser,trinoma,5,30,9_100-18_200,5,5,5,4,5,3,3,5,4,4,4,5,4,3,5,4,5,5,4,5,5,4,5,5,5,5,5,5,5,5
8,22,Lalaki,,munoz,5,40,< 9_100,5,5,5,3,3,2,3,5,5,5,2,5,5,5,5,5,5,5,5,5,5,5,5,5,5,5,5,5,5,5
6,30,Lalaki,general services staff,e. rodriguez sr_ tatalon,6,10,9_100-18_200,5,5,4,5,5,5,5,5,5,5,5,4,5,5,5,5,5,5,5,5,5,5,5,5,5,5,4,5,5,5
8,65,Babae,retired,sm north,2,20,< 9_100,4,4,4,4,4,4,3,4,4,4,4,4,4,4,4,4,4,4,4,4,4,4,4,4,4,4,4,4,4,4
6,28,Lalaki,construction,delta,6,25,< 9_100,5,5,5,3,4,3,5,5,5,5,5,5,5,4,5,,,,,,,,,,,,,,,
8,58,Lalaki,liason officer,munoz,2,10,< 9_100,5,5,5,5,5,5,5,5,5,5,5,5,5,5,5,5,5,5,5,5,5,5,5,5,5,5,5,5,5,5
6,22,Babae,account associate / call center agent,gilmore,5,20,9_100-18_200,5,5,5,5,4,3,3,5,5,5,5,5,5,5,5,5,5,5,5,5,5,5,5,5,5,5,5,5,5,5
8,40,Lalaki,planning officer,munoz,5,10,,5,5,5,5,5,5,5,5,5,5,4,5,5,5,5,5,5,5,5,5,5,5,5,5,5,5,5,5,5,5
6,25,Babae,account associate,gilmore,5,20,9_100-18_200,5,5,5,5,4,3,3,5,5,5,5,5,5,5,5,5,5,5,5,5,5,5,5,5,5,5,5,5,5,5
8,64,Lalaki,free lancer scty consultant,qc,6,30,< 9_100,5,4,5,5,5,5,5,5,5,5,5,5,5,5,5,5,4,5,5,5,5,5,5,5,5,5,5,5,5,5
6,24,Babae,account associate,gilmore,5,5,< 9_100,5,5,5,5,5,5,5,5,5,5,5,5,5,5,5,5,5,5,5,5,5,5,5,,5,5,5,5,5,5
6,22,Babae,account associate,gilmore,7,5,< 9_100,5,5,5,5,5,5,5,5,5,5,5,5,5,5,5,5,5,5,5,5,5,5,5,5,5,5,5,5,5,5
6,23,Babae,factory worker,gilmore,5,20,,5,5,4,3,5,4,5,4,5,4,4,4,5,4,5,5,5,4,5,5,5,5,5,5,5,5,5,5,5,5
6,54,Lalaki,,q ave,5,7,,5,5,5,5,5,5,5,5,5,5,5,5,5,5,5,,,,,,,,,,,,,,,
6,50,Babae,hr,gilmore,6,5,9_100-18_200,5,5,5,5,5,5,5,5,5,5,5,5,5,5,5,5,5,5,5,5,5,5,5,5,5,5,5,5,5,5
6,47,Babae,sewer,gilmore,5,20,,5,5,5,5,5,5,5,5,5,5,5,5,5,5,5,,,,,,,,,,,,,,,
7,42,Lalaki,procurement,loyola,5,30,18_200-36_400,3,3,4,3,4,3,3,4,4,3,3,3,4,4,4,5,5,5,5,5,5,5,5,5,5,5,5,5,5,5
7,21,Lalaki,bpo-csr,krus na ligas,5,30,9_100-18_200,5,5,5,5,4,3,3,4,4,4,3,4,4,4,4,5,5,5,4,5,4,5,5,5,5,5,4,5,4,5
7,44,Babae,warehouse staff,ortigas c5,7,15,18_200-36_400,5,5,5,2,5,4,3,5,5,5,5,5,5,5,5,5,5,5,2,5,4,3,5,5,5,5,5,5,5,5
,,,,,5,30,,5,5,5,5,5,5,5,5,4,5,4,4,4,5,5,5,5,5,5,5,5,5,5,4,5,5,4,4,5,5
7,28,Lalaki,firmware engineer,eastwood,3,20,36_400-63_700,5,5,4,2,3,2,2,5,5,4,3,4,3,5,5,5,5,5,5,5,5,5,5,5,5,5,5,5,5,5
7,27,Babae,private,daang tubo,5,3,36_400-63_700,5,5,5,5,5,4,5,5,5,5,5,5,5,5,5,5,5,5,5,5,4,5,5,5,5,5,5,5,5,5
7,52,Lalaki,cctv technician,litex,,15,9_100-18_200,5,5,5,5,5,5,5,5,5,5,5,5,5,5,5,5,5,5,5,5,5,5,5,5,5,5,5,5,5,5
7,32,Lalaki,bpo,ortigas,4,15,18_200-36_400,5,5,,3,5,4,5,5,5,5,3,5,5,3,5,5,5,5,5,5,5,5,5,5,5,5,5,5,5,5
7,46,Lalaki,office staff,eastwood,5,20,18_200-36_400,5,4,5,4,5,4,3,5,4,5,4,5,5,4,5,,,,,,,,,,,,,,,
7,28,Lalaki,bank staff,ateneo,5,30,18_200-36_400,5,5,5,5,5,3,5,5,5,5,5,5,5,5,5,5,5,5,5,5,3,5,5,5,5,5,5,5,5,5
7,43,Others,security,I.P.I,4,20,,5,3,3,5,5,5,5,5,5,5,5,5,5,5,5,,,,,,,,,,,,,,,
7,30,Babae,utility,ortigas ext,5,5,9_100-18_200,5,5,5,5,5,5,5,5,5,5,5,5,4,5,5,5,5,5,5,5,5,5,5,5,5,5,5,4,5,5
7,49,Babae,freelancer,krus na ligas,5,30,< 9_100,4,4,4,4,3,3,4,4,4,4,4,4,4,4,4,4,4,4,4,3,3,4,3,4,4,4,4,4,4,4
7,23,Babae,customer consumer engineer,ortigas,2,15,18_200-36_400,5,5,5,3,5,5,5,4,5,3,5,4,5,4,5,5,5,5,5,5,5,5,5,5,5,5,5,5,5,5
7,22,Lalaki,customer service,ortigas,6,20,9_100-18_200,4,4,4,4,4,4,4,4,4,4,4,4,4,4,4,5,5,5,5,5,5,5,5,5,5,5,5,5,5,5
7,30,Babae,merchandiser,berkeley,3,10,9_100-18_200,5,4,5,3,5,4,3,5,5,5,3,5,5,5,5,,,,,,,,,,,,,,,
7,22,Babae,credit & collection staff,eastwood,5,15,18_200-36_400,5,5,5,5,5,5,5,5,5,5,5,5,5,5,5,5,5,5,5,5,5,5,5,5,5,5,5,5,5,5
7,24,Lalaki,engineer,ortigas,2,15,36_400-63_700,5,5,5,5,5,5,5,5,5,5,5,5,5,5,5,5,5,5,5,5,5,5,5,5,5,5,5,5,5,5
7,27,Babae,office worker,ortigas ext,2,60,18_200-36_400,5,5,5,4,3,3,3,5,5,5,4,3,5,5,5,5,5,5,5,5,5,5,5,5,5,5,5,5,5,5
7,43,Lalaki,construction,ortigas ext,6,30,< 9_100,4,4,5,3,5,3,4,5,5,5,4,5,5,5,5,5,5,5,5,5,5,5,5,5,5,5,5,5,5,5
7,55,Lalaki,labor,ortigas,,15,< 9_100,5,5,4,4,4,4,5,5,5,4,5,4,5,5,5,5,5,5,5,5,5,5,5,5,5,5,5,5,5,5
7,28,Lalaki,demand planner,ortigas c5,2,15,18_200-36_400,4,4,5,3,4,4,3,4,3,4,4,4,3,3,4,4,4,4,4,4,4,4,4,4,4,4,4,4,4,4
7,41,Babae,on call cleaning,ortigas,3,15,< 9_100,5,5,5,5,5,5,5,5,5,5,5,5,5,5,5,5,5,,5,5,5,5,5,5,5,5,5,5,5,5
7,46,Lalaki,foreman,ortigas,6,30,18_200-36_400,1,3,5,1,5,1,1,5,5,5,1,5,5,3,5,5,3,5,5,5,5,5,5,5,5,5,5,5,5,5
7,48,Babae,employee,pasig city,5,15,18_200-36_400,5,5,5,3,5,3,5,5,5,5,5,5,5,5,5,5,5,5,5,5,3,5,5,5,5,5,5,5,5,5
7,47,Babae,analyst,eastwood,5,30,18_200-36_400,4,4,4,4,4,3,3,4,3,4,3,4,4,3,4,5,5,5,5,5,5,5,5,5,5,5,5,5,5,5
7,25,Babae,customer support staff,c5,5,30,9_100-18_200,4,4,4,4,3,3,5,5,5,5,3,4,2,3,4,4,4,3,4,5,5,5,5,5,5,5,5,5,5,5
7,25,Lalaki,service engineer,c5,5,30,18_200-36_400,5,4,5,5,3,2,5,5,5,4,3,4,3,3,4,5,3,5,5,5,5,5,5,5,5,5,5,5,5,5
7,48,Lalaki,govt employee,ortigas,5,10,9_100-18_200,5,5,5,5,5,5,5,5,5,5,5,5,5,5,5,,,,,,,,,,,,,,,
7,34,Babae,admin personnel,eastwood,5,15,9_100-18_200,3,3,4,3,5,3,2,5,5,3,4,5,5,5,5,3,3,4,5,5,5,5,5,5,5,5,5,5,5,5
7,43,Lalaki,construction,green meadows,6,15,< 9_100,4,4,4,4,4,4,4,4,4,4,4,4,4,4,4,4,4,4,4,4,4,4,4,4,4,4,4,4,4,4
7,29,Lalaki,construction,green meadows,6,15,< 9_100,4,4,4,4,4,4,4,4,4,4,4,4,4,4,4,4,4,4,4,4,4,4,4,4,4,4,4,4,4,4
7,46,,,ortigas ave,2,15,9_100-18_200,2,5,2,3,5,2,5,3,3,5,5,5,5,5,5,5,5,5,5,5,5,5,5,5,5,5,5,5,5,5
7,38,Lalaki,construction,c5,5,20,,3,5,5,5,5,4,5,5,5,5,5,5,5,5,5,,,,,,,,,,,,,,,
7,38,Lalaki,team leader,eastwood,3,20,,4,4,5,2,3,4,3,4,4,4,4,5,5,5,5,5,5,5,5,5,5,5,5,5,5,5,5,5,5,5
7,35,Lalaki,shared services,krus na ligas,5,30,36_400-63_700,5,5,5,5,3,3,3,5,5,5,5,5,5,5,5,5,5,5,5,5,5,5,5,5,5,5,5,5,5,5
7,25,Babae,project architect,muñoz,6,15,18_200-36_400,4,5,5,4,5,4,4,5,5,5,4,5,5,4,5,5,5,5,5,5,5,5,5,5,5,5,5,5,5,5
7,23,Babae,accounting staff,I.P.I,5,30,9_100-18_200,5,5,5,5,5,5,5,5,5,5,5,5,5,5,5,5,5,5,5,5,5,5,5,5,5,5,5,5,5,5
7,45,Babae,AP supervisor,green meadows,5,15,18_200-36_400,5,5,5,5,5,5,5,5,5,5,5,5,5,5,5,5,5,5,5,5,5,5,5,5,5,5,5,5,5,5
7,52,Lalaki,security guard,daang tubo,5,30,9_100-18_200,5,5,5,4,4,3,3,5,5,5,5,4,4,4,4,5,5,5,4,4,3,3,5,5,5,5,4,4,4,4
7,35,Lalaki,water proofing painting,ortigas,5,5,< 9_100,5,5,4,1,5,5,5,5,5,5,5,5,5,5,5,5,5,4,5,5,5,5,5,5,5,5,5,5,5,5
7,35,Babae,DH,ortigas,3,25,< 9_100,5,5,5,5,5,5,5,5,5,5,5,5,5,5,5,5,5,5,5,5,5,5,5,5,5,5,5,5,5,5
7,43,Lalaki,security guard,ortigas poea,1,15,9_100-18_200,5,5,5,5,5,5,5,5,5,5,5,5,5,5,5,5,5,5,5,5,5,5,5,5,5,5,5,5,5,5
7,28,Babae,office staff,I.P.I,7,15,9_100-18_200,4,5,5,3,5,5,5,5,5,5,5,5,5,5,5,5,5,5,3,5,5,5,5,5,5,5,5,5,5,5
7,21,Babae,call center,ortigas,,30,9_100-18_200,5,4,2,4,5,3,4,4,5,5,4,4,5,5,4,5,5,5,5,5,5,5,5,5,5,5,5,5,5,5
7,27,Babae,office staff,eastwood,5,6,9_100-18_200,5,5,5,5,5,5,5,5,5,5,5,5,5,5,5,5,5,5,5,5,5,5,5,5,5,5,5,5,5,5
7,27,Babae,marketing,ortigas,3,10,18_200-36_400,5,5,5,5,5,5,5,5,5,5,5,5,5,5,5,,,,,,,,,,,,,,,
7,21,Babae,utility,ortigas ext,5,30,,5,5,5,4,5,4,4,5,5,5,4,4,5,4,5,5,5,5,5,5,5,5,5,5,5,5,5,5,5,5
7,23,Lalaki,investment specialist,eastwood,5,60,9_100-18_200,5,4,5,5,5,4,4,5,5,5,5,3,5,4,5,5,3,5,5,5,5,5,5,5,5,5,5,5,3,5
8,53,Lalaki,,,,,9_100-18_200,5,5,5,5,5,5,5,5,5,5,5,5,5,5,5,5,5,5,5,5,5,5,5,5,5,5,5,5,5,5
8,71,Babae,none,it depends,3,30,,4,4,4,4,4,4,4,4,4,4,4,4,4,4,4,4,4,4,4,4,4,4,4,4,4,4,4,4,4,4
8,37,Lalaki,laborer,munoz,1,15,< 9_100,5,5,5,5,5,5,5,5,5,5,5,5,5,5,5,5,5,5,5,5,5,5,5,5,5,5,5,5,5,5
8,58,Babae,housewife,munoz,1,30,,3,5,4,3,4,2,2,4,3,3,3,5,5,5,5,,,,,,,,,,,,,,,
8,34,Babae,government employee,munoz,2,15,9_100-18_200,5,5,5,4,4,4,5,5,5,5,5,5,5,5,5,5,5,5,5,5,5,5,5,5,5,5,5,5,5,5
8,62,Babae,,munoz,,30,,,,,,,,,,,,,,,,,,,,,,,,,,,,,,,
8,34,Babae,sales clerk,munoz,1,30,< 9_100,3,3,4,4,3,3,3,3,3,3,3,3,3,3,3,3,3,4,4,3,3,3,3,3,3,3,3,3,3,3
8,63,Babae,none,munoz,1,,,5,5,5,5,5,5,5,5,5,5,5,5,5,5,5,5,5,5,5,5,5,5,5,5,5,5,5,5,5,5
8,64,Lalaki,wala,munoz,2,,109_200-182_000,1,1,1,1,1,1,1,1,1,1,1,1,1,1,1,,,,,,,,,,,,,,,
8,66,Lalaki,,munoz,5,30,,5,,,,,,,,,,,,,,,,,,,,,,,,,,,,,
8,23,Babae,sales demo,munoz,5,15,9_100-18_200,5,5,5,5,5,5,5,5,5,5,5,5,5,5,5,5,5,5,5,5,5,5,5,5,5,5,5,5,5,5
8,27,Babae,cashier,sm north,2,30,9_100-18_200,5,5,5,5,5,4,5,5,5,5,4,5,5,5,5,5,5,5,5,5,5,5,5,5,5,5,5,5,5,5
8,17,Babae,,QC,2,15,< 9_100,5,3,3,3,4,5,2,4,2,2,3,4,3,2,5,5,,3,3,3,,2,,2,4,3,3,3,5,2
8,26,Babae,team lead,munoz,2,10,36_400-63_700,5,5,5,5,5,5,5,5,5,5,5,5,5,5,5,5,5,5,5,5,5,5,5,5,5,5,5,5,5,5
8,43,,driver,mindanao,,3,< 9_100,5,5,5,5,5,5,5,5,5,5,5,5,5,5,5,5,5,5,5,5,5,5,5,5,5,5,5,5,5,5
8,42,Lalaki,liason,munoz,1,5,< 9_100,4,4,4,4,5,5,4,4,4,4,4,4,4,4,4,4,4,4,4,5,5,4,4,4,4,4,4,4,4,4
8,37,Lalaki,wfh archt,Q.C,3,10,18_200-36_400,4,4,4,4,4,4,4,4,4,4,4,4,4,4,4,4,4,4,4,4,4,4,4,4,4,4,4,4,4,4
8,50,Lalaki,government employee,munoz,1,15,9_100-18_200,3,3,3,3,3,3,3,3,3,3,3,3,3,3,3,3,3,3,3,3,3,3,3,3,3,3,3,3,3,3
8,53,Lalaki,office,munoz,5,30,18_200-36_400,3,3,4,2,3,3,3,4,4,4,3,4,4,4,4,4,4,4,5,5,5,4,4,5,5,5,5,5,5,5
8,15,Lalaki,student,san francisco highschool,5,30,< 9_100,5,5,5,5,5,5,5,5,5,5,5,5,5,5,5,5,5,5,4,5,5,5,5,5,5,5,5,5,5,5
8,32,Lalaki,sales promoter,munoz,,15,< 9_100,1,3,4,4,1,1,3,5,5,5,1,5,5,5,3,1,1,3,3,1,1,3,5,5,5,1,5,5,5,5
8,50,Lalaki,tanod,munoz,6,15,9_100-18_200,5,4,4,5,5,4,5,5,4,5,5,4,5,4,5,4,3,3,4,4,5,5,4,4,5,5,5,5,5,5
8,25,Lalaki,unemployed,munoz,1,10,< 9_100,5,5,4,4,,3,4,3,3,4,4,3,3,3,4,,,,,,,,,,,,,,,
8,17,Lalaki,office staff,sm north,1,10,,5,5,5,5,5,5,5,5,5,5,5,5,5,5,5,5,5,5,5,5,5,5,5,5,5,5,5,5,5,5
8,30,Lalaki,independent artist,monumento,2,30,18_200-36_400,3,5,5,5,5,5,5,5,5,5,5,5,5,5,5,3,5,5,5,5,5,5,5,5,5,5,5,5,5,5
8,41,Lalaki,n/a,qc munoz,2,30,< 9_100,5,5,5,5,5,5,5,5,5,5,5,5,5,5,5,4,3,4,4,3,4,4,5,5,4,4,4,4,4,4
8,64,Lalaki,none,munoz,,,< 9_100,5,5,5,5,5,5,5,5,5,5,5,5,5,5,5,5,5,5,5,5,5,5,5,5,5,5,5,5,5,5
8,63,Babae,none,munoz,,,< 9_100,5,5,5,3,5,5,5,5,5,5,5,5,5,5,5,5,5,5,3,5,5,5,5,5,5,5,5,5,5,5
8,26,Lalaki,call center agent,munoz,3,30,18_200-36_400,5,5,3,3,3,3,3,4,3,4,3,4,4,4,5,4,4,3,3,3,3,3,4,3,4,3,4,4,4,5
8,26,Babae,agent,munoz,2,15,< 9_100,5,3,5,5,5,5,4,5,5,5,5,5,5,5,5,5,5,5,5,5,5,5,5,5,5,5,5,5,5,5
8,18,Lalaki,none,munoz,1,15,< 9_100,5,5,5,5,5,4,5,5,5,5,4,5,5,5,5,5,5,5,5,4,4,4,5,5,5,5,5,5,5,5
8,54,,purok,munoz,4,30,9_100-18_200,5,5,5,5,5,5,5,5,5,5,5,5,5,5,5,5,5,5,5,5,5,5,5,5,5,5,5,5,5,5
8,17,Babae,none,nova bayan_ munoz,1,30,,5,5,5,5,5,5,5,5,3,5,3,5,5,4,5,5,5,5,5,5,5,5,5,3,5,3,5,5,5,5
8,44,Lalaki,applicant,munoz,5,30,< 9_100,5,5,5,5,5,4,4,5,5,5,4,5,5,5,5,5,5,5,5,5,4,4,5,5,5,4,5,5,5,5
8,30,Babae,n/a,munoz,5,60,> 182_000,5,5,5,5,5,5,3,5,5,5,5,5,5,5,5,5,5,5,5,5,5,3,5,5,5,5,5,5,5,5
8,53,Lalaki,electrician,munoz,2,15,9_100-18_200,4,4,4,4,4,4,4,5,5,4,4,4,4,4,4,5,5,5,5,5,5,5,5,5,5,5,5,5,5,5
8,66,Babae,none,munoz,6,30,< 9_100,4,4,5,3,5,3,3,4,3,3,3,3,3,3,3,4,4,5,3,5,3,3,4,3,3,3,3,3,3,3
8,,Babae,employee,munoz,3,30,,4,4,4,,3,,2,5,4,4,3,4,4,4,4,,,,,,,,,,,,,,,
8,64,Babae,dependant,quezon city,7,60,36_400-63_700,3,3,3,3,3,2,4,2,2,2,2,2,2,2,2,3,3,3,3,3,2,4,2,2,2,2,2,2,2,2
8,19,Babae,call center agent,munoz,7,15,< 9_100,4,5,4,5,2,4,4,3,3,1,3,2,2,2,3,5,5,5,5,5,5,5,5,5,5,5,5,5,5,5
8,20,Lalaki,wala,sm north,1,30,< 9_100,4,4,4,4,4,4,4,4,4,4,4,4,4,4,4,4,4,4,4,4,4,4,4,4,4,4,4,4,4,4
8,47,Babae,,munoz,1,5,,,,,,,,,,,,5,,,,,5,,,,,,,,,,,,,,
7,39,Babae,janitress,litex to boni,5,10,< 9_100,5,5,5,5,5,5,5,5,5,5,5,5,5,5,5,5,5,5,5,5,5,5,5,5,5,5,5,5,5,5
7,65,Lalaki,liaison officer,ortigas,3,15,9_100-18_200,5,5,5,5,5,5,5,5,5,5,5,5,5,5,5,5,5,5,5,5,5,5,5,5,5,5,5,5,5,5
7,38,Babae,nurse,project 4 tuazon,5,5,36_400-63_700,5,5,5,5,5,4,4,5,5,5,4,5,5,5,5,5,5,5,5,5,4,4,5,5,5,4,5,5,5,5
7,31,Babae,bpo agent,ortigas ext,,30,36_400-63_700,5,5,5,5,5,5,5,5,5,5,5,5,5,5,5,,,,,,,,,,,,,,,
7,29,Lalaki,office,quirino,5,30,< 9_100,5,4,5,4,5,5,4,5,4,5,5,4,5,4,5,5,5,5,5,5,5,5,5,3,5,5,5,3,5,5
7,66,Lalaki,technician,ortigas ext,6,45,9_100-18_200,5,5,5,5,5,5,5,5,5,5,5,5,5,5,5,5,5,5,5,5,5,5,5,5,5,5,5,5,5,5
7,24,Lalaki,data analyst officer,libis,3,30,18_200-36_400,5,5,5,5,4,4,3,4,5,5,4,5,5,5,5,5,5,5,5,5,5,5,5,5,5,5,5,5,5,5
7,28,Lalaki,architect,eastwood,5,0,63_700-109_200,5,5,5,5,3,5,4,5,5,5,3,5,5,3,5,5,5,5,5,4,4,5,5,5,5,4,5,5,3,
7,45,Lalaki,construction,I.P.I,6,20,< 9_100,5,5,5,5,5,5,5,5,5,5,5,5,5,5,5,5,5,5,5,5,5,5,5,5,5,5,5,5,5,5
7,23,Lalaki,accounts payable analyst,eastwood libis,5,30,18_200-36_400,5,5,4,5,5,3,4,5,5,5,5,5,5,5,5,4,5,5,5,5,5,5,5,5,5,5,5,5,5,5
7,23,Babae,office staff,monark cat bagumbayan QC,5,20,< 9_100,5,3,5,4,5,4,5,5,5,5,5,5,5,5,4,5,3,5,4,5,4,5,5,5,5,5,5,5,5,4
1,18,Lalaki,,,5,30,< 9_100,5,5,5,5,4,5,5,5,5,5,5,5,4,5,5,5,5,5,5,5,5,4,5,5,5,5,5,5,5,4
1,34,Lalaki,govt employee,qc hall,5,15,18_200-36_400,4,5,5,5,5,5,5,5,5,5,5,5,5,4,5,5,5,5,5,5,5,5,5,4,,5,4,5,5,5
1,33,Babae,govt employee,,4,20,9_100-18_200,5,5,5,5,,2,5,5,5,5,5,5,5,5,4,,4,5,5,5,5,5,5,5,4,5,5,5,5,5
2,21,Babae,student,,6,30,< 9_100,5,5,5,5,5,5,5,5,4,5,5,5,5,5,5,5,4,5,5,5,5,5,5,5,4,5,5,5,5,5
5,22,Lalaki,,,1,10,< 9_100,5,5,5,5,5,5,5,5,5,5,5,4,5,,5,5,4,5,5,5,5,5,5,5,5,5,5,4,5,5
6,27,Lalaki,construction,gilmore,5,15,< 9_100,5,5,5,4,5,5,5,5,5,5,4,5,5,5,5,5,4,5,5,5,5,5,5,4,5,5,5,5,5,5
